state,cagr
California,0.136082516
Georgia,0.133933052
Illinois,0.067244131
Massachusetts,-0.115757326
Michigan,0.092662589
Minnesota,0.12853479
New Jersey,0.102770637
New York,0.080542036
Ohio,0.0297682
Oregon,0.191099467
Washington,0.222687369
